0,0,0,0,-7.69683,0,0,-6.336542,0,2.035388,0,-2.315014,2.140191,0,0,0,0,0,0,0,2
0.073481,0,0,0,0,0,0,0,0,0,0,0,0,-0.731605,-3.756604,-5.459992,-3.973353,4.236644,6.318398,6.977285,0
0,0,5.319515,1.321009,0,0,0,0,7.395281,0,0,0,0,0,0,0,0,0,0,0,4
6.076709,0,0,9.929341,-0.675483,-2.49779,0,0,10.027387,0,0,-2.26417,0,0,0,0,-5.191167,0,0,0,4
8.332616,0,-1.172909,0,-4.95511,0,0,0,7.73416,0,0,0,0,0,0,-7.242003,0,0,0,7.777839,4
2.441558,9.113429,0,0,-7.754008,0,0,9.828053,0,0,0,0,0,0,8.32496,0,0,0,0,0,4
0,0,0,9.747393,0,3.434477,0,0,0,0,0,0,0,0,0,0,-5.586113,7.871335,9.552632,0,4
7.905577,0,-2.891354,0,-6.066782,0,0,0,0,0,10.555702,0,0,0,0,0,0,0,0,0,3
0,0,4.893797,4.504,0,0,0,5.994064,0,0,-9.934109,0,6.679205,0,2.935793,0,0,0,-7.58954,0,1
0,-0.965109,0,0,0,0,0,0,0,0,-10.589949,0,-1.646381,0,0,0,0,0,0,0,2
-8.019077,0,0,0,0,-17.090259,0,-5.589851,0,-11.37324,-8.460777,0,-4.701841,0,0,0,0,0,0,0,2
0,0.519982,0,-2.759693,0,0,0,0,0,0,0,0,0,0,0,0,5.673409,0,-3.105155,0,3
0,0,0,-6.785674,0,1.468293,-8.480723,0,0,0,-8.410495,10.869781,0,0,0,0,0,0,0,0,0
0,0,0,0,-3.920128,-1.994384,9.504941,-2.865882,0,7.137252,0,0,-8.023647,0,0,0,5.642956,2.540963,-1.346056,0,3
0,0,-3.21855,-1.767757,0,-7.579375,0,1.589488,-8.901498,0,0,0,0,0,0,0,6.24532,3.429496,0,0.633478,3
5.212046,0,0,-3.269821,-5.346284,0,8.524223,0,-9.197795,0,0,5.556031,-10.888322,0,0,0,7.291044,4.632756,0,0,3
5.952411,0,0,0,-1.589147,0,3.802699,6.55545,0,0,-10.69567,0,0,0,0,4.206651,0,0,0,0,1
10.441884,0,0,0,0,3.811033,4.861691,0,2.327228,-1.190017,-7.628828,0,0,0,0,0,0,-4.724749,0,0,1
0,0,0,0,0,3.82809,0,0,0,0,0,10.80799,0,0,-3.224823,0,-3.30858,1.835874,0,0,0
0,-3.779175,0,0,0,0,0,0,0,-3.788082,-5.171756,-1.687005,3.347726,0,0,4.439928,0,0,5.882178,0,2
0,0.100281,0,0,0,0,0,0,0,0,0,0,0,0,0,6.851565,0,5.530919,0,0,3
0,0,0,0,-2.413579,0,0,0,0,0.982274,0,0,0,0,0,0,0,0,0,0,4
0,0,0.018692,0,0,-1.885752,0,0,0,0,-8.433166,0,4.698505,0,0,0,0,0,0,6.932248,1
0,-4.24944,0,0,0,0,0,0,0,0,0,0,0,0,5.583296,0,0,0,0,0,1
0,0,0,0,0,0,0,0,0,0,0,0,0,1.659492,-4.18115,0,0,0,0,7.786987,0
0,0,0,-5.507428,0,0,0,0,0,0,-4.879295,0,-1.598214,0,0,0,-4.082621,0,0,8.067455,0
8.267555,0,0,0,-1.099112,0,0,0,0,-2.909972,10.009795,-7.178444,0,-5.817996,10.98279,0,0,2.577436,3.746868,0,4
0,-2.960567,0,0,-7.827937,0,0,0,4.973362,0,0,0,1.033307,0,0,0,0,0,0,6.146587,2
0,0,4.005989,0,0,-0.317981,0,0,0,-1.775767,0,0,0,-7.589657,5.676726,0,0,0,0,0,4
0,0,0,0,0,0,5.567541,0,0,-2.346933,0,5.127927,4.421495,0,0,0,0,0,0,0,1
0,0,0,9.191999,0,0,0,0,4.0677,-0.222659,0,0,0,0,4.231645,0,6.963695,-3.215432,0,3.671712,2
0,0,7.099984,0,0,0,-0.563883,0,3.035178,0,-6.079633,-4.983578,0,0,0,5.230455,0,0,0,0,2
0,0,0,0,0,0,0,0,0,0,0,0,0,0,0,0,0,0,4.333262,0,3
0,-2.531837,0.706985,0,0,-0.727797,0,0,5.18483,0,0,0,4.682367,0,0,0,0,0,0,0,1
6.42132,1.726548,3.157328,0,0,-1.961131,0,0,0,0,-10.456,0,0,0,0,0,7.393695,0,0,0,1
0,1.66706,-6.313421,0,0,0,0,0,0,0,0,0,0,0,0,0,6.064624,0,0,0,3
4.120276,-6.785019,0,0,0,0,0,0,7.96887,10.583894,0,0,-3.136708,0,2.403625,0,0,0,0,0,0
0,0,0,-0.49277,0,0,0,0,-8.668044,0,0,0,0,0,-11.922783,0,0,3.198014,0,0,3
8.294664,-3.516267,0,0,0,0,7.998263,-1.349687,0,0,8.194217,0,0,0,0,4.738443,0,0,0,0,3
0,0,0,0,0,1.774112,0,0,0,0,0,0,0,0,4.114398,0,0,0,0,7.575225,4
0,0,0,-7.484741,0,1.332065,-5.678187,0,0,8.741681,-8.368577,0,0,0,-6.359367,0,-3.345472,0,0,0,0
0,0,-9.575844,-7.919806,0,0,0,0,0,0,-14.185708,0,0,0,0,0,-5.961901,0,0,6.902487,0
0,-2.733329,0,2.483081,-7.679314,0,0,8.042911,0,0,0,-3.557765,0,0,1.793381,0,0,0,-8.798801,7.611322,1
0,0,0,-7.288824,0,0,-6.91264,-6.814678,0,0,0,0,0,0,0,0,0,0,3.417531,7.130672,0
0,-8.057262,0,0,-1.472216,0,0,0,0,0,0,0,-8.328646,0.540367,0,0,0,0,-2.078055,0,0
3.719672,-4.741213,0,0,0,-12.475787,0,0,9.939686,0,-9.444864,4.466853,-0.90806,0,0,0,0,0,0,0,2
0,0,0,0,0.648602,0,0,0,0,0,-9.41205,6.290782,0,0,0,0,0,-6.690602,0,0,1
-1.139267,0,0,0,-2.459097,0,0,0,0,0,0,0.416475,0,0,0,0,0,0.242813,0,1.365836,2
0,0,4.791716,6.642375,0,-10.643864,0,-8.787821,0,-5.810842,0,0,-3.21402,0,0,0,0,0,0,0,2
10.74617,0,0,0,0,0,5.799774,10.454591,0.652503,0,0,0,0,0,0,0,5.750899,0,0,0,1
0,-6.452827,8.1526,0,0,0,0,0,0,0,0,0,-1.798439,0,4.435278,1.532603,0,0,0,0,2
0,0,7.143776,6.395821,-7.532245,0,0,0,0,-5.246486,-4.961231,0,0,0,0,3.576623,7.045789,0,0,0,2
0,0,0,0,0,0,0,0,7.45662,0,-7.205073,-0.02912,0,0,0,0,8.408554,0,0,7.612357,1
0,0,0,0,0,0,0,0,0,0,0,0,-9.841618,0,0,4.676799,0,0,3.263533,0,3
0,0,0,0,0,0,7.414287,0,0,0,0,0,6.314063,-8.534453,0,0,0,0,0,0,4
0,-2.549624,0,-0.812789,0,0,0,0.815131,0,0,0,0,0,0,0,0,0,3.726626,0,7.358084,3
0,0,0,2.59718,0,0,0,0,0,0,6.405207,0,4.359836,0,4.06275,-7.574076,0,0,0,0,4
0,0,1.383789,3.448001,0,-1.292732,0,9.187612,4.294831,0,0,0,4.079377,0,0,0,0,0.954199,0,0,4
0,2.683048,-4.841707,0,0,1.734966,0,0,0,0,0,0,0,0,0,8.545744,0,5.64796,0,0,3
-3.22373,0,0,0,0,-10.144095,0,0,0,0,0,0,0,0,0,0,0,0,0,0,2
2.1337,-2.164033,0,0,0,0,0,0,0,0,0,0,0,0,0,0,0,0,0,0,2
0,0,0,0,-6.324989,0,0,0,5.616448,-1.140651,0,0,3.059221,0,0,2.012139,0,0,-11.048133,0,1
0,-8.099368,0,0,0,0.747968,0,0,0,0,0,0,-5.655211,0,0,-5.057853,0,0,-3.285062,0,0
0,0,-3.726321,0,0,0,0,0,0,0,0,0,0,0,-4.874855,0,0,0,0,0,0
8.71817,0,0,0,0,-2.450008,0,0,0,0,0,5.879422,0,-5.159901,0,0,0,0,0,0,3
2.476198,-5.992917,0,0,0,-5.730223,-4.317586,0,0,2.860197,0,0.189284,0,2.492299,0,0,0,0,0,6.468775,2
11.899478,-0.844115,0,0,0.079433,-2.821082,7.269451,0,0,0,-9.551015,-3.435415,0,0,0,4.308928,7.23495,0,-3.525885,0,1
0,0,0,0,0,0,0,0,1.968634,11.578402,-10.016885,4.239922,-7.387896,0,0,-10.559422,0,0,0,0,0
0,0,5.167429,0,0,-9.336745,0,0,0,0,0,0,0,0,0,-0.471226,0,-7.304051,0,0,2
0,0,0,0,0,0,0,0,0,-4.292638,-7.824637,0,0,0,0,0,0,-8.650217,-7.75676,0,1
0,0,3.244202,0,0,0,0,0,2.189652,0,-10.535795,0,0,0,0,0,0,-10.331538,-7.740976,0,1
0,0,6.184931,0,0,0,-6.298524,0,0,0,0,0,0,0,3.341732,0,0,0,0,0,2
1.417042,0,0,0,0,0,0,8.075251,4.659337,0,8.527455,0,4.544721,0,5.124572,0,-6.156167,-0.539347,0,0,4
6.297502,0,0,0,-2.483002,1.240348,0,0,0,0,0,0,0,0,0,0,0,0,0,0,4
0,0,0,0,-5.403747,0,0,0,0,-4.877946,8.590792,0,7.005694,0,6.579654,-8.457822,0,0,0,0,4
0,-2.057586,2.512752,0,0,0,0,0,0,0,0,0,0,0,0,0,0,0,0,0,1
0,0,1.497267,0,0,0,0,0,0,0,0,0,5.467204,0,0,0,0,0,-4.475773,10.297373,1
0,0,0,-10.196216,-2.379396,0,0,-11.696386,0,0,-10.633448,7.166252,0,-1.768872,0,-8.891437,-4.435357,0,0,0,0
0,0,0,0,-6.803935,0,0,-3.194871,-11.454502,0,10.598912,8.145844,0,-6.009684,0,2.936083,0,1.833951,0,0,3
0,0,0,0,0,0,8.628775,0,0,0,-8.682805,-3.655281,0,0,0,0,0,0,-9.090063,0,1
0,0,0,0,0,0,-6.527129,0,0,0,0,0,0,0,0,0,0,0,0,0,0
0,0,0,0,0,0,7.507737,0,0,0,0,4.981518,0,0,3.676599,0,0,0,0,0,1
0,0,0,0,0,-0.512401,9.650622,0,0,0,0,9.482602,-11.789794,0,0,0,0,0,4.924499,0,3
1.980597,0,0,0,0,0,-3.43995,0,0,0,-5.086037,0,0,0,0,0,0,-3.327421,0,0,2
10.925577,0,0,0,0,0,0,0,0,0,9.316552,0,0,0,0,0,0,6.267147,0,0,3
0,0,-2.465724,1.304651,0,-3.097842,0,2.384575,-8.880759,0,0,7.965088,0,2.649684,0,0,6.668495,0,0,0,3
0,-6.529434,-6.021249,0,0,0,0,0,0,9.640131,0,0,0,0,0,-7.808247,0,-1.439208,0,8.935982,0
0,0,0,0,0,0,8.451982,11.510538,6.201643,0,0,0,4.873936,0,12.769985,0,0,0,0,8.51324,4
5.801617,0,0,0,0,0,0,10.324847,0,0,-7.980703,0,0,0,0,4.494841,0,0,0,0,1
0,-3.841975,6.049615,0,0,-12.235044,-0.08984,-4.079774,0,0,0,3.961473,0,0,0,0,0,0,0,0,2
0,-1.554734,0,0,0,0,9.630559,0,0,0,0,0,0,0,-9.676846,5.007707,0,0,0,0,3
0,0,-6.379862,0,-1.892292,0,0,-12.075366,0,0,0,0,0,0,0,-6.470288,0,-2.215211,4.343193,0,0
0,-2.457757,0,0,0,0,0,0,0,6.240257,0,0,-8.288523,0,0,0,0,0,0,10.116962,3
-1.441681,0,0,0,0,-9.139015,0,0,9.14819,0,0,0,0,0,5.868724,5.518836,7.797842,0,0,0,2
0,0,0,0,-5.011715,0,6.552318,0,6.796402,0,0,0,0,0,0,-9.006675,0,0,0,0,4
0,0,0,0,-4.950942,-0.18631,0,0,2.636621,0,-11.871111,6.996272,-6.25703,-1.025217,0,0,0,0,0,0,0
0,-0.369839,0,0,0,1.258369,0,0,0,8.292899,0,0,0,-1.21684,0,0,0,5.890701,4.501144,0,3
0,0,0,0,0,0,0,0,-11.651355,0,0,0,0,1.073231,0,0,7.769659,0,0,0,3
0,0,0,0,0,0,5.145428,0,0,0,-12.838732,0,0,0,0,0,0,0,0,9.434373,1
0,0,5.452509,0,-11.334996,0,0,0,4.278484,0,0,0,0,1.715922,0,0,0,-6.601114,0,3.384484,2
0,0,7.204938,0,-12.316666,-7.829217,-0.147195,-7.054503,0,-0.995761,0,3.826035,-2.55575,0,0,0,0,0,0,0,2
0,0,0,0,-4.866775,0.322686,6.320883,0,0,-2.112476,0,0,0,-9.855187,0,0,0,0,0,0,1
-1.642046,-3.323532,0,0,0,0,0,0,0,0,0,0,0,1.006461,0,0,5.011424,-5.361076,0,0,2
4.540408,0,0,0,0,0,0,0,0,0,6.70951,-7.720312,0,0,0,0,0,0.003686,0,0,4
3.441389,0,6.981957,0,-10.072061,0,0,0,0,0,-9.578024,0,0,0,0,0,0,0,0,3.504577,2
3.43015,0,0,0,-3.48021,0,0,0,0,0,0,0,5.203364,0,9.029275,0,0,0,-4.675679,0,1
10.254361,0,0,0,0,-3.418793,0,0,0,0.239609,0,-7.867913,0,0,0,0,0,0,5.009758,0,4
0,-3.51808,0,0,0,0,0,-14.537525,0,0,0,0,-0.79716,3.516032,5.921968,0,0,-3.450395,0,0,2
7.415623,0,0,0,0,0,7.252723,0,1.671914,0,0,0,0,0,0,0,0,0,0,0,1
5.996419,0,0,0,-7.682514,0,8.349418,8.643951,0,0,0,-3.112055,0,0,0,0,-6.666537,0,0,0,4
6.508424,2.194722,0,0,-4.068617,0,0,0,0,0,0,8.946582,0,0,0,0,6.302267,0,0,0,3
0,9.750421,2.850861,0,0,0,0,0,0,0.622116,0,0,0,0,5.547345,0,0,0,0,0,4
0,0,0,0,0,0,2.430288,0,0,0,0,0,0,-6.929849,0,0,0,-12.090126,-2.436514,6.56256,1
0,0,0,0,0,0,0,0,0,0,-8.43142,0,0,-0.928198,2.215307,0,0,-5.809111,0,0,1
0,0,0,0,0,0,0,0,5.246971,0,6.620689,0,0,0,0,-9.277242,0,0,0,0,4
0,0,0,0,0,0,0,0,7.494179,0,0,0,0,0,0,0,0,0,0,0,4
0,-0.546979,0,0,0,0,0,0,0,0,0,-0.986278,-2.366146,0,0,0,0,0,6.053015,0,2
0,-8.378092,-9.482326,0,0,-3.883628,0,-7.910739,4.575762,12.334763,0,0,0,0,0,0,0,0.663,0,0,0
0,0,0,0,0,0.84714,0,0,-7.663263,7.612002,0,0,0,2.147569,-9.855939,0,0,0,0,0,3
0,0,0,0,-5.05012,0,8.968114,0,0,0,0,0,-7.609611,0,-5.973432,0,0,0,0,8.519373,3
0.350263,0,0,0,0,-0.011257,-6.78448,0,0,0,0,0,0,0,-6.355694,0,0,0,0,0,0
0,0,0,0,-5.665546,0,0,0,0,0,0,0,4.224446,0,0,-10.157287,0,0,0,0,4
-0.018747,0,-6.337122,0,0,0,0,-8.585621,6.181304,0,-11.042425,0,-4.76733,0,0,-3.118927,0,0,0,0,0
6.498898,0,0,0,1.370351,0,9.416442,0,0,0,0,0,0,0,-11.889026,0,0,3.044516,0,0,3
3.514283,0,0,0,-7.562474,0,0,0,0,0,6.533582,0,0,-9.192504,4.548244,-9.685325,0,0,0,5.606353,4
0,0,0,0,-3.205516,0,0,0,0,0,0,0,0,1.180252,0,0,-6.810034,0.164497,0,0,0
0,0,0,0,0,-2.401664,7.069259,10.034433,0,0,0,-4.956185,0,0,0,0,0,0,0,0,4
0,0,0,0,0,3.650359,0,11.608535,0,0,0,0,0,0,0,-3.958554,-7.387836,4.169076,4.336242,8.33443,4
5.004372,0,1.665542,0,0,0,0,3.667088,0,-3.493199,0,0,0,0,0,0,0,-7.541658,0,0,1
0,0,0,0,0,0,0,0,0,0,0,0,0,0,4.165286,0,0,0,-10.924713,9.89127,1
-1.001864,-3.943679,7.720472,0,0,0,-2.513492,-10.298901,3.788492,0,0,0,-1.006516,3.542006,0,0,0,0,0,4.785092,2
0,0,0,0,0,0,0,0,0,0,0,0,0,0,5.47148,2.154657,0,0,-1.057989,0,1
0,0,0,6.805181,0,0,0,12.730235,0,0,9.872106,0,0,0,0,0,0,0,0,0,4
0,0,0,-2.936159,0,-0.509581,0,0,-13.798909,0,11.863547,0,0,-1.458611,-12.175925,0,0,0,0,0,3
0,-4.75696,0,0,-0.896099,3.513484,-2.271003,-5.791388,0,0,0,0,0,-3.633888,0,0,-2.063357,0,0,0,0
-4.27886,0,0,0,0,0,0,0,0,0,0,0,0,0,0,0,0,0,0,0,2
0,-5.247841,0,0,0,1.126944,0,8.824423,5.249268,0,0,3.241879,0,-2.48091,0,7.272651,0,0,0,0,1
7.327889,0,2.406917,0,0,-0.498607,0,0,0,0,0,9.491748,0,0.156712,0,0,5.165236,0,0,0,3
3.705675,-0.317455,0.821894,0,0,-0.983729,9.185334,0,0,0,11.589557,0,-10.338129,-1.558705,0,0,9.653775,0,0,8.703623,3
0,0,0,0,0,0,0,0,0,0,0,0,0,-8.349758,0,0,0,0,0,0,1
3.540203,0,-7.665204,0,0,0,0,0,0,8.804008,0,4.574373,0,0,-13.626606,0,2.742813,0,0,0,3
0,0,0,0,0,0,0,-10.894272,0,0,0,0.608759,0,0.791685,0,0,0,0,0,0,2
0,0,-0.779903,0,0,0,0,0,0,0,0,0,0,0,0,0,0,0,7.914936,0,3
0,0,0,0,0,0,0,0,9.973819,0,0,0,0,0,0,0,0,-5.425343,0,0,2
0,7.524892,0,0,-4.278987,0,0,0,0,-4.033665,0,0,0,0,0,0,-6.453851,0,0,0,4
0,0,0,0,0,0,0,0,0,0,9.307624,0,0,0,0,10.561539,7.558562,0,6.905482,7.184653,3
-0.440466,0,-7.783298,-10.762881,-3.16361,0,0,0,0,3.156905,0,0,0,0,-6.513241,0,0,0,0,0,0
0,0,10.404909,0,-4.84605,0,0,0,0,-4.887411,-8.510231,0,0,0,0,0,9.633569,0,0,0,2
6.250545,-5.36911,0,0,0,0,0,0,-12.949312,0,0,0,0,0,0,10.831369,0,2.300122,0,1.234288,3
0,-5.853367,0,0,0,0,0,-3.40941,0,10.073751,0,0,-3.992146,0.631787,0,0,-1.943224,3.057231,0,9.763896,0
0,0,0,0,0,0,-6.722912,0,0,-3.844724,0,0,0,0,5.523893,0,0,0,0,0,2
0,0,0,0,-2.218135,0,-7.507653,0,0,0,-11.231552,0,-4.799348,0,0,0,0,0,0,0,0
0,0,0,0,-0.706618,0,10.290508,3.727747,0,0,12.41071,0,0,0,-7.502566,0,0,0,0,7.845624,3
0,0.968889,0,0,0,0,8.234786,0,0,7.722686,0,0,-10.357046,-3.612559,-9.412846,4.297922,5.646076,0,0,0,3
0,0,0,0,0,0,0,0,0,0,-9.988846,0,0,0,0,2.167434,8.428358,0,-11.6889,0,1
0,0,0,0,-7.353463,-8.930397,0,0,0,0,0,0,0,0,6.561682,0,0,0,0,0,2
11.90979,0,-6.852761,0,-5.192109,0.607837,0,0,-11.615726,0,0,0,0,0,0,0,0,0,4.355915,6.527242,3
4.41316,-7.395308,0,0,0,0,0,0,0,9.728794,0,0,0,0,0,0,0,0,0,9.143658,0
0,0,-6.869873,0,0,0,0,2.675109,0,0,0,0,0,0,0,0,0,0,0,0,3
0,-3.793372,0,0,0,0,-2.914852,0,8.05193,0,0,2.997916,-4.373887,5.950081,0,1.245948,0,0,0,0,2
0,0,0,0,0,0,0,0,0,-3.031812,0,0,3.492887,0,0,0,0,0,-7.076633,0,1
0,0,-1.142517,0,0,0,0,0,0,0,0,0,0,0,0,0,0,1.015078,0,0,4
0,0,0,0,-2.09872,0,0,-7.731872,0,0,0,0,-4.983311,0,0,0,-3.964923,0,0,5.807356,0
0,0,0,0,0,0,0,0,0,0,0,0,-2.005485,0.813552,0,0,0,0,0,0,2
0,0,0,-5.072936,0,0,0,0,0,0,0,0,0,0,0,-5.004315,-5.177413,0,0,0,0
9.691403,0,0,0,0,0,0,10.820937,0,0,-8.392459,7.440997,0,0,13.360228,0,8.535892,-6.433799,0,10.923163,1
0,0,0,0,0,0,0,0,4.79983,0,-8.935194,0,-5.338023,0,0,0,0,0,0,0,0
-1.7941,0,0,0,0,0,0,-10.883761,0,0,0,0,0,0,6.680099,4.674155,7.987676,0,0,0,2
0,0,2.50717,6.861398,0,0,0,7.920005,0,0,0,3.422244,0,0,0,5.996338,0,-3.98554,0,0,1
5.317206,0.893681,0,0,-6.550201,-1.503853,0,0,-10.135406,4.472457,0,0,0,0,0,2.907658,0,0,0,0,3
0,0,0,5.610162,0,0,0,0,0,0,0,0,3.845737,0,4.644614,0,0,3.351785,0,4.779317,4
6.992564,0,-0.269455,0,0,0,0,0,-6.088389,0,0,0,0,0,0,0,9.55758,0,0,0,3
0,-3.081127,3.389796,0,-5.047274,0,0,5.763755,0,0,0,0,0,-5.697028,5.281405,0,0,-10.196586,0,0,1
0,0,0,0,0,0,0,0,0,0,0,0,-6.017095,0,0,0,0,0,0,8.81556,3
-1.090942,0,7.050983,3.816266,0,0,0,0,0,-1.966382,0,0,0,0,0,2.743476,0,-2.727821,0,4.972562,2
8.474945,-4.387885,-5.510227,0,0,0,0,-3.490709,-11.671093,0,11.11258,0,0,0,0,0,0,4.066275,-0.589402,0,3
0,0,0,0,0,0,0,0,0,0.38276,0,0,0,0,0,-9.254228,-10.103347,0,1.373093,0,4
0,0,-2.048125,0,0,-3.860391,0,0,0,0,0,0,0,0,2.951795,0,0,0,0,0,1
0,0,-0.351272,0,0,2.749615,5.114122,0,0,0,0,0,4.289084,-4.73785,0,0,0,0,-8.537945,0,1
0,0,0,4.86141,0,0,0,0,0,-0.753305,0,2.922444,-2.811451,0,0,0,0,-1.34555,0,0,2
0,0,-4.334121,0,0,0,5.193058,0,-9.975368,0,7.371841,7.988257,0,0,0,2.176882,0,0,0,0,3
0,0,0,0,0,0,4.742182,0,0,0,0,0,4.462456,0,0,0,0,0,0,0,1
0,0,0,-4.958836,0,0,0,-7.374839,0,0,0,0,0,0,-4.570258,0,0,0,0,0,0
0,7.013953,0,0.797815,0,0,0,0,3.430339,0,0,0,0,0,0,0,-9.728904,0,0,0,4
0,0,3.782305,0,0,0.37042,0,0,-1.123492,-2.118278,0,0,2.230144,0,0,0,0,-10.601686,0,0,1
0,6.797931,0,0,-5.19881,0,0,0,6.353179,0,11.476219,0,0,-6.403281,5.384764,0,-5.511568,0,0,0,4
0,0,3.231926,0,0,0,7.582874,0,0,-0.022093,0,0,6.450621,0,4.729231,0,0,0,-8.471057,0,1
0,0,0,-10.34089,0,0,0,0,5.759645,0,-9.002584,0,-3.781854,0,-5.088922,0,0,0,0,8.336501,0
0,0,0,0,0,0,0,0,0,0,-11.506929,3.248967,0,0,0,0,0,0,-7.69022,0,1
4.608066,0,0,0,0,0,0,0,0,0,0,0,-3.363131,0,0,0,0,0,0,0,2
4.312355,0,0,0,-9.34056,2.351123,8.783939,0,0,0,-7.423939,2.592494,0,0,0,0,4.377415,0,-8.19117,9.515228,1
10.063782,8.442965,0,0,0,3.763903,6.253122,0,8.265687,-1.993799,0,0,0,-6.813606,0,0,0,0,5.149315,5.387876,4
-0.080368,0,-8.288994,0,0,0,0,0,0,0,0,7.329585,0,-1.799293,-5.308416,0,0,3.824318,0,0,0
0,7.596671,0,0.375201,0,-1.442781,0,0,0,0,0,0,0,0,0,0,0,0,0,0,4
0,0,0,0,0,0,0,0,2.958439,0,0,0,-4.134958,0,3.068752,0,0,-2.862117,0,3.377603,2
0,0,-6.227039,-8.924345,0,1.057079,0,-5.099617,0,0,-6.102236,0,-8.099767,0,-4.731489,0,-4.997917,0,0,0,0
0,0,0,0,-4.39227,0,0,0.18375,-8.71384,0,8.755037,0,0,0,0,0,7.826986,0,0,0,3
0,0,0,0,0,0,0,0,0,0,10.341839,0,0,-7.078554,0,0,0,0,0,0,4
0,0,0,0,0,-2.250812,0,0,-8.818845,0,0,0,0,0,0,0,0,0,0,6.937589,3
0,0,-6.887365,0,0,0,0,0,4.5974,0,-9.922971,0,0,0,0,-4.253813,0,0,0,0,0
0,0,0,0,0,0,0,0,0,12.986082,0,0,0,0,0,-8.368224,0,0,0,0,0
-6.563075,-3.746062,0,0,0,-14.103612,0,0,0,0.504989,0,0,0,0,0,0,5.585311,0,0,0,2
2.096684,0,0,0,0,0.129106,0,0,0,-3.96684,0,0,4.727548,0,0,0,-7.230981,3.195901,0,0,4
0,0,0,0,-6.210794,0,0,0,0,1.098165,0,0,0,0,0,0,-9.092337,3.052704,0,0,4
0,0,0,0,-0.241709,0.3883,0,0,5.819067,0,0,0,0,0,0,0,0,0,0.858583,0,0
0,0,0,0,0,0,0,8.608545,6.299266,0,0,0,0,0,10.602933,-7.38484,0,0,3.899728,0,4
0,0,1.42994,3.553597,0,0,0,11.072782,0,0,0,0,0,0,0,-8.378091,0,0,0,0,4
0,0,-9.863358,0,0,2.587845,0,-8.673397,4.668754,0,0,7.877634,0,0,0,-4.064694,0,6.279764,1.66261,0,0
0,0,0,6.416876,0,-7.367897,0,0,7.188907,0,-11.963015,0,-2.66401,0,0,0,0,-5.574469,2.007015,0,2
0,0,-0.143803,0,0,0,0,0,0,7.541956,10.272006,8.735579,-3.885905,-2.498906,0,0,0,0,0.578222,0,3
0,0,0,-0.933635,-0.704373,0,0,0,0,9.436775,12.610516,0,-9.529752,0,-11.466185,5.953245,6.271613,0,0,0,3
0,-8.733553,-8.254049,0,0,-1.892906,-7.015856,-7.742394,0,11.569806,0,14.062961,0,0,0,0,0,0,6.986594,0,0
0,0,0,0,-4.497378,0,0,0,0,0,0,0,0,0,0,0,0,-1.345987,0,0,0
0,0,0,0,0,0,0,0,0,0,0,7.316548,0,0,0,0,0,0,0,0,3
0,-3.110285,0,8.294853,0,0,0,-4.415893,0,0,0,1.346406,0,0,0,0,0,0,0,0,2
0,0,0,0,-2.7505,0,8.924596,0.419589,0,0,0,0,-11.266106,0,0,0,0,4.475679,9.175664,0,3
0,0,0,0,-12.127397,0,-6.1415,-6.532445,0,0,-10.43784,0,0,1.897891,0,2.273587,0,0,0,0,2
0,-4.472764,0,0,0,0,0,0,0,0,-7.654778,0,1.300263,0,0,0,0,0,0,0,2
0,0,0,0,-3.406166,-2.116445,-7.107546,0,0,0,0,0,0,0,0,0,0,0,0,6.606352,0
-2.551474,0,0,0,0,-12.497484,0,0,0,0,-11.76635,0,0,0,0,0,0,-3.985889,0,5.331906,2
0,0,0,0,-5.709603,0,0,0,0,0,9.145983,7.441577,0,0,0,0,0,0,0,0,3
8.450655,0,0,0,-3.276874,0,0,0,0,0,-6.917744,0,0,0,0,0,10.726664,0,0,0,1
0,0,-6.398455,0,0,0.142045,-7.383436,-5.082429,0,0,0,0,-8.08124,0,0,-10.131064,-4.477619,0,0,0,0
0,8.487367,0,0,0,0,0,0,0,-3.68105,0,0,5.78728,0,0,-11.492485,0,0,0,5.656918,4
0,0,5.918265,0,0,0,0,11.191703,0,0,11.418041,-5.374758,0,-5.654538,7.948252,0,-6.528757,0,0,9.930989,4
0,-4.641309,0,0,0,0,0,0,0,0,0,0,0,0,0,4.015733,0,0,0,0,1
6.332643,0,4.440378,0,-3.531754,0,7.215613,0,0,-1.199622,0,0,0,-6.738634,0,0,0,0,3.725035,0,4
7.512418,0,1.103663,6.666779,-4.08442,-0.436725,0,13.331075,0,0,0,0,5.97255,0,0,0,0,0,0,0,4
0,-3.52451,4.277182,0,0,0,4.343417,0,0,-0.763036,-11.232993,0,0,0,0,0,0,0,0,0,1
7.433814,0,0,0,0,0,7.942876,0,0,0,0,0,0,0,-12.968433,0,3.436561,2.037702,0,0,3
0,0,0,0.191208,0,0,0,0,0,0,0,0,0,0,0,0,0,0,0,0,4
0,0,2.870097,5.994234,0,0,6.266749,0,0,0,0,0,0,-4.95368,0,0,0,0,0,10.730719,1
0,0,-2.946302,10.76294,0,-1.504921,0,9.696782,0,0,0,0,0,0,8.942845,0,0,3.724425,0,0,4
0,-0.702642,0,0,-2.624033,1.861741,3.842731,0,0,0,0,0,0,-4.056987,0,0,9.618997,0,0,0,1
0,0,0,0,-6.78216,0,0,0,0,0,-6.593303,0,0,0,0,0,0,0,6.244413,0,2
8.409296,0,0,0,0,0.329243,0,0,0,0,0,0,0,0,0,0,2.074445,-7.524677,0,6.260284,1
0,0,0,0,-2.090717,2.791187,0,0.28847,0,8.570249,12.156209,10.205144,-5.292524,-1.168257,0,11.675152,0,0,0,0,3
0,-1.453313,0,0,0,-2.889357,7.979841,0,0,0,0,0,0,0,-8.737517,4.109964,0,1.708073,0,0,3
0,0,0,0,0,0.700838,0,0,0.997297,0,0,2.549122,0,-4.042422,0,0,0,3.52852,0,0,0
0,0,0.980644,0,-8.836412,0,0,0,0,0,0,0.113417,0,-7.722299,0,0,0,0,0,0,1
0,0,0,0,-3.422959,0,0,0,0,0,0,0,0,-1.551973,-6.555346,0,0,0,0,0,0
0,0,0,0,0,-0.749332,2.177874,7.417273,0,0,0,0,0,0,7.26999,1.33024,0,0,0,0,1
0,0,0,5.607094,0,0,0,0,0,0,0,0,0,1.800541,0,0,0,-1.429511,0,0,2
0,-4.108662,0,0,-0.496373,0,0,0,0,7.893279,0,0,0,0,0,0,0,0,0,0,0
0,0,6.755024,0,0,0,0,0,0,0,0,0,-2.107254,0,0,0,0,0,0,0,2
7.514033,0,0,0,0,0,0,0,0,0,-9.302071,0,0,-2.775227,3.508323,0,0,0,0,0,1
0,0.565431,0,0,0,0,0,0,5.123536,0,0,5.027185,4.379659,-5.506412,0,0,0,-7.789909,0,0,1
0,-1.867215,-8.627014,0,-6.923239,0,0,0,-8.067328,0,0,0,-15.191692,0,-11.121094,0,0,4.738236,0,0,3
5.425657,0,0,0,0,0,0,0,7.44939,0,0,0,5.836881,0,0,0,0,0,0,9.79517,4
0,0,0,0,0,0,0,0,0,11.033062,0,0,-7.705038,0,0,0,0,0.997015,0,0,0
0,0,-8.871797,0,0,0,0,0,0,0,0,0,0,-0.889554,0,0,0,0,0,0,0
0,-3.781644,6.390101,0,-10.696449,0,0,0,0,-8.118333,0,0,-0.194468,0,0,0,0,0,0,0,2
0,2.938438,0,0.294737,0,0,10.380026,3.891154,0,0,13.967087,0,0,0.396742,0,0,0,0,1.56926,0,3
11.732797,0,0,0,0,0,0,0,-5.625355,0,13.117962,5.763788,0,0,0,0,0,0,0,0,3
0,0,0,0,0,0,0,7.738321,0,0,7.827319,-8.563351,6.653811,0,12.295819,0,-7.765042,0,2.267337,0,4
0,0,0,0,0,0,0,9.727172,0,-3.841128,0,0,0,0,0,-7.924304,-4.932785,0,0,0,4
0,0,0,0,0,0,8.404894,6.863013,0,0,-7.582176,7.663855,0,0,0,1.867636,0,0,0,0,1
0,0,-4.465289,-5.067328,0,0,0,0,0,7.029383,0,0,-12.979723,-0.546566,0,0,0,0,0,0,3
0,7.827667,0,0,-3.95462,3.278334,0,0,0,0,9.697583,0,0,0,0,0,0,5.16433,0,0,4
3.142294,0,0,0,-2.211565,4.863848,0,-7.058414,0,0,-6.266947,0,0,0,-4.439897,0,0,0,0,0,0
0,0,0,0,0,0,5.409672,0,0,-5.583653,0,0,7.617849,0,0,0,0,0,0,5.999816,4
0,0,0,0,-3.832155,0.773043,0,0,-15.195915,0,0,5.097213,0,0,-11.507001,0,6.540149,0,0,6.482651,3
0,0,0,0,-4.483673,0,-6.393224,-10.039228,6.742374,0,-7.196596,0,0,0,0,0,0,6.537292,0,0,0
1.459295,-7.907029,0,0,0,0,0,0,0,9.003942,-8.916007,0,0,0,-3.871738,0,0,0,0,0,0
0,0,5.581781,0,0,-6.870283,0,-6.92029,0,-6.857815,-7.505429,0,-2.323941,0,0,2.104627,0,0,0,0,2
0,0,-5.062099,0,-6.489933,0,0,0,0,0,0,0,0,0,0,0,7.052285,0,0,6.572379,3
-3.416467,0,0,0,0,0,0,0,0,0,-12.631878,0,0,0,0,0,0,0,0,0,2
0,0,0,0,0,1.472519,3.707409,4.714502,0,0,0,0,0,0,3.039721,0,0,0,0,8.032554,1
-0.6135,0,0,0,0,0,-8.250399,0,0,0,0,0,-8.897012,-4.1598,0,0,-4.608668,0,-2.726189,5.538582,0
1.733873,0,0,0,-4.272682,0.169372,0,0,0,0,0,0,0,-1.737021,0,0,0,0,0,0,0
0,0,-1.178744,2.696193,0,0,0,12.117092,0,0.970973,0,-3.887542,4.929261,-6.886241,0,0,0,0,0,5.37338,4
0,0,0,0,0,0,0,-8.172364,0,0,0,4.2608,0,0,0,0,-1.861224,0,0,0,0
0,0,0,0,0,0,0,0,0,0,5.553604,0,0,-5.324605,-7.989484,0,0,0,0,0,3
0,-2.819068,0,0,-5.607808,0,0,5.230907,2.899449,0,0,0,0,0,0,0,0,0,0,0,1
0,0,3.727699,0,0,0,5.184376,0,0,0,0,4.179813,3.625522,0,0,2.817224,4.967444,0,0,0,1
4.84581,0,0,0,0,0,0,9.741932,0,0,0,0,0,0,0,0,0,0,0,0,1
0,-8.411818,0,0,-3.371357,2.926939,0,0,0,0,0,0,0,0,-1.428845,0,0,0,0,0,0
2.711976,0,0,7.843838,0,0,0,0,0,-0.484816,0,0,0,0,0,0,-7.166807,4.957711,0,8.055989,4
0,0,0,0,0,0,0,0,-8.927611,0,0,9.181052,-8.561285,0,0,0,0,0,-0.037444,4.189482,3
0,-2.398912,0,0,-9.432928,0,0,-12.812421,8.498058,0,-1.941197,0,0,0,0,0,0,-2.372741,0,1.176111,2
0,0,0,0,0,0,0,0,3.879597,6.618444,-5.564393,0,0,0,0,0,0,0,0,0,0
6.57821,0,0,0,0,0,0,0,0,0,9.164755,0,0,0,0,0,0,0,0,0,4
-0.475889,0,0,0,0,-8.506973,0,0,2.036194,0,0,-0.417232,-0.413968,0,0,0,0,-2.76819,6.16708,0,2
0,0,0,0,0,0,0,0,0,0,-8.863196,3.209043,0,0,0,0,0,0,0,0,1
3.759145,0,0,0,-5.997971,0,0,-7.065041,0,0,7.185319,0,0,0,-10.361075,0,0,2.675807,0,6.904531,3
0.149997,0,0,0,-3.522641,0,0,0,4.35289,0,0,0,0,0,0,0,0,0,0,0,0
0,0,6.166889,0,0,-10.308183,-4.357279,0,9.312173,0,0,0,0,2.418026,0,0,0,0,0,0,2
0,0,0,0,-6.954016,0,0,0,0,0,-11.330667,2.271986,0,0,0,0,0,2.764648,0,0,0
3.469495,0,0,-1.954472,0.080223,0,9.87636,0.455162,0,0,0,8.158326,0,0,0,0,6.707195,0,5.688586,9.231881,3
0,6.445946,0.291735,0,0,0,6.610119,0,0,-0.701717,0,0,4.985171,0,0,0,-10.679407,0,0,0,4
0,0,0,0,0,0,0,3.2586,-8.602254,0,0,0,0,0,0,0,0,0,0,0,3
0,0,-4.417464,0,0,0,0,0.708128,0,7.173173,0,9.193015,0,0,0,0,0,5.041362,0,0,3
0,0,-9.043572,-9.933891,0,0,-9.400749,0,5.050995,0,0,0,0,0,0,0,-4.028307,-0.204505,0,0,0
0,-9.628961,0,0,0,0,0,0,0,0,0,0,0,0,0,0,0,0,0,6.169747,0
0,0,0,0,0,0,13.305738,0,0,0,0,9.474262,0,0,0,0,0,0,6.423691,0,3
0,0,0,-0.977121,0,0,10.735545,-0.801566,0,8.656233,0,6.775976,-7.867904,0,0,0,9.03362,0,0,0,3
0,0,0,0,0,1.797836,0,0,0,8.435683,0,0,-10.555402,-0.236222,-8.58798,0,8.507329,4.485944,5.336018,0,3
0,0,0,0,0,0,0,0,0,0,0,0,0,0,0,0,0,0,0,7.05342,4
0,0,0,0,-0.300428,0,0,0,-8.26236,0,0,8.916335,0,0.855947,0,0,9.030256,0,0,0,3
0,-6.713163,0,0,-0.667359,0,-4.299282,-5.399574,0,13.976318,0,0,-4.958786,0,0,0,0,0,0,0,0
0,0,0,0,0,0,0,13.608793,0,0,0,0,0,0,0,7.930373,0,0,0,0,1
4.813702,0,-0.191228,0,-7.436711,0,0,0,0,5.099617,0,8.406616,-9.431663,0,0,10.015796,0,0,0,0,3
9.678167,0,0,0,0,1.594684,5.277753,0,0,0,-10.122507,0,0,0,0,0,10.090888,0,0,0,1
5.349674,0,2.368293,0,-8.084951,0,0,0,0,0,7.84324,0,0,0,0,0,0,-1.070915,0,4.061634,4
2.93652,0,-9.822171,0,-2.912602,2.274875,-9.033919,0,0,0,0,0,0,0,0,-5.683457,-3.917748,0,0,6.116896,0
0,0,5.794347,6.42896,0,0,0,0,0,0,-6.702028,0,0,3.131414,6.471464,0,10.993864,0,0,0,2
0,0,5.547747,0,0,0,0,0,0,1.225968,-7.235929,0,0,0,0,0,10.146405,0,-8.864726,0,1
0,0,0,0,0,0,0,8.109058,7.987106,0,0,2.433096,0,0,4.601394,0,7.69283,0,0,9.099079,1
0.479566,0,5.785214,0,0,-10.718437,0,0,0,0,0,0,0,0,5.919517,4.31043,0,0,0,0,2
11.517092,0,0,0,0,0,0,0,0,0,0,6.630816,0,0,-8.596243,6.353551,4.856224,0,0,0,3
-1.180232,0,0,0,0,1.378873,0,0,0,0,0,0,0,0,0,0,0,0,2.508091,0,0
0,11.64061,1.6857,0,-2.439599,0,0,0,7.898078,-2.031303,11.925626,0,7.294267,0,0,0,0,0,0,0,4
0,0,-0.709007,0,-2.771338,-0.234668,3.659144,0,0,0,0,0,4.416602,0,0,0,0,0,1.357252,0,4
0,0,0,6.771715,0,0,0,0,0,0,0,0,0,0,0,0,0,0,7.844573,0,4
0,4.373986,0,0,0,0,14.677668,0,-6.499875,0,0,0,0,0,0,5.012575,0,6.057796,0,0,3
0,0,0,0,0,5.287497,0,0,0,0,0,0,-7.086885,0,0,7.23615,0,4.2502,0,0,3
0,0,0,-0.125463,0,0,0,0,0,0,0,10.152846,-8.154423,0,0,0,0,0,0,6.533461,3
0,0,0,0,0,0,0,0,7.872361,-0.88487,-9.885473,0,0,1.398079,0,4.718018,0,-6.915947,0,8.740097,1
0,0,-0.277925,0,0,0,11.394867,9.064034,0,3.198289,0,0,3.240556,-6.759203,0,0,0,0,0,0,4
2.0675,0,0,0,0,0,0,0,0,0,0,10.763009,0,0,-3.608411,0,-3.199385,0,0,0,0
0,0,1.295716,0,0,-3.290731,0,0,0,0,0,0,0,0,-1.773145,0,6.747872,0,-9.461361,0,1
0,-1.776774,-8.875078,0,0,-1.689077,10.400337,0.569994,0,8.151783,7.99169,0,0,0,-8.023764,0,0,0,0,9.813007,3
0,0,-1.403458,0,0,0,0,0,0,0,0,0,0,0,0,0,0,0,0,8.976447,4
0,0,0,-0.72238,0,0,0,0,0,0,7.424755,6.80604,0,0,0,5.141343,0,0,0,0,3
0,0,0,0,-1.037705,0,0,0,0,0,0,0,0,0,-0.922825,0,0,0,0,0,0
0,0,7.169252,0,0,-7.538916,0,0,0,0,0,0,0,0,0,1.402814,0,-5.02695,0,0,2
6.404112,-3.19853,0,0,-4.210047,-0.254438,2.336438,6.490448,6.356193,-4.803804,0,0,4.779003,0,0,2.068176,0,0,-4.627731,0,1
9.651173,0,0,0,-3.386327,0,9.371882,9.9909,0,1.820319,11.061386,0,4.7179,0,0,0,0,0,7.124497,0,4
0,0,-7.454847,0,0,0,-7.34304,0,0,0,-8.246986,0,0,0,-3.987168,0,-3.586502,0,1.632163,0,0
0,-10.969142,0,0,-2.847964,0,0,-10.924759,6.789889,6.2865,0,0,0,-3.424787,0,0,0,0.674677,0,0,0
-3.288067,0,0,0,0,0,0,0,0,0,-8.616858,0,0,0,0,0,0,0,0,0,2
0,0,0,2.40728,0,-5.101571,0,0,0,0,0,0,5.449453,0,0,0,0,-9.469183,0,0,1
9.625479,-2.267221,0.709072,-4.150868,-3.267166,0,0,0,0,3.875518,0,0,0,0,-8.947746,0,7.416506,0,0,0,3
0,0,0,0,-3.273003,0,7.72241,0,0,0,7.384856,0,0,0,0,-9.859349,0,0,0,0,4
0,0,0,0,0,0,0,0,0,0,0,-4.761375,7.066587,-6.956406,0,-8.741989,0,-1.087769,0,0,4
0,0,0,3.498074,0,0,-3.766525,0,2.503077,-4.974786,0,0,0,0,0,0,4.293162,0,0,0,2
1.530983,0,0,0,0,0,0,0,0,10.933883,0,0,0,-1.65789,0,0,0,7.520654,0,0,0
0,0,4.888532,7.065933,-5.361881,0,0,0,0,0,0,2.753978,0,0,7.721859,3.022487,0,-7.414581,0,0,1
0,0,0,4.080842,0,0,0,0,0,0,0,0,5.033272,0,8.519782,0,0,0,0,0,4
0,0,-3.532239,0,0,1.621339,0,0,0,0,0,0,0,0,0,0,0,0,0,0,4
0,0,0,0,0,0,0,0,5.849281,0,-7.328106,0,0,0,0,0,0,0,0,0,2
0,-8.209836,0,0,0,3.46002,0,0,0,6.187049,0,0,-6.616804,-1.291588,0,0,0,0,0,0,0
0.870018,0,0,-4.231106,0,0,-6.938302,0,5.147597,0,0,0,0,0,0,0,0,0,0,7.616141,0
0,0,0,3.91313,0,-0.528983,0,0,-0.134068,0,0,0,0,0,0,0,0,-9.634217,-9.29091,0,1
0,-4.242126,1.129839,0,0,0,6.946183,0,0,-1.700736,0,3.076224,0,0,0,0,0,0,0,0,1
0,0,0,0,0,0,-4.907356,0,0,0,0,0,0,0,0,-6.788075,0,2.999727,0,0,0
0,-6.824099,0,3.916026,0,0,-5.362727,0,0,0,0,0.873516,0,0,0,0,10.7028,-5.308893,0,0,2
0,0,0,0,0,0,0,0,8.679243,0,0,0.069095,-1.890134,0,0,4.674787,8.717137,-7.621195,0,0,2
0,-0.568343,0,-2.944266,-3.095755,0,9.417501,0,0,8.199198,0,6.814057,0,0,0,0,0,0,4.656201,0,3
0,-8.39139,0,0,0,0,-7.058106,0,0,0,0,0,-4.816232,0,-1.925428,-4.497767,0,0,0,0,0
0.290031,0,0,0,0,0,0,0,0,0.532502,0,0,0,0,0,0,0,0,0,9.575742,2
0,0,0,0,-1.290401,0,-4.041923,0,6.450111,0,-0.639298,11.73029,-2.708142,-0.509892,0,0,0,0,0,10.360462,0
0,-3.922418,5.593131,0,0,0,0,0,0,0,0,0,0,0,7.554103,0,0,0,0,0,1
0,0,0,0,-5.602167,1.230665,-8.061861,0,0,0,0,0,0,0,0,0,0,0.233963,1.27601,0,0
0,0,0,0.540623,0,0,0,0,0,0.076815,0,-5.795483,0,0,0,0,-8.361572,0,0,0,4
0,0,0,5.294066,0,0,0,-5.957263,5.969275,-5.70639,-3.107883,-2.240644,-2.147278,0,0,0,0,0,5.743159,0,2
0,0,0,0,0,0,0,0,0,7.192245,0,0,0,0,-4.278484,0,0,3.164001,1.183812,0,0
1.058415,0,0,0,-5.107529,0,0,0,0,0,0,0,0,0,0,0,0,0,2.86375,5.128481,0
-2.321634,-6.144556,6.232773,0,-5.490538,-6.009908,0,0,9.797955,0.805612,0,0,-0.068615,0,2.31056,0,3.894158,0,0,0,2
6.335177,0,0,4.40132,0,0,6.194556,0,0,0,0,0,3.738799,0,0,0,-5.551022,0,0,0,4
4.082438,-11.352542,0,0,0,1.299832,-6.309514,0,0,0,-6.734155,0,-5.367046,0,0,0,0,0,0,0,0
0,0,0,0,0,0,2.364878,6.661085,0,0,0,0,0,0,0,0,0,0,0,0,1
0,-13.630147,-4.350681,0,0,0,0,0,0,6.085505,0,1.666363,0,0,0,0,0,0,0,0,0
0,-1.147747,0,5.144017,0,0,0,-7.662265,8.888148,0,-3.638834,0,0,0,0,0,0,0,0,0,2
0,-0.700298,4.448578,0,-4.326799,0,0,0,0,0,0,0,0,0,6.462662,0,0,0,0,0,1
0,0,4.39102,0,0,0,0,0,0,-2.614608,0,-6.149168,-1.784679,0,0,0,0,0,3.807674,0,2
0,0,0,0,-4.095123,0,-4.471379,0,2.781583,0,0,0,0,0,0,0,-5.318368,0,0,0,0
0,0,-12.051579,0,0,-5.634604,0,0,1.499628,0,0,0,-9.334828,-6.094067,0,-11.047681,0,-2.634542,0,3.606543,0
9.6352,0,0,-3.274997,-1.343373,0,0,0,0,0,10.433729,0,0,0,0,0,0,0,0,7.341811,3
0,0,0,0,-2.6497,1.168209,0,0,2.928299,0,0,0,0,0,0,0,0,0,0,0,1
0,0,0,0,0,0,0,0,0,0,0,6.917428,0,0,0,0,0,0,0,0,0
0,-8.044995,-6.611232,-9.386485,0,0,0,0,0,0,0,0,0,0,0,0,0,6.380979,0,0,0
0,0,-6.10492,0,0,0,0,0,0,0,0,0,0,0,0,0,0,0,1.730601,0,0
0,0,0,0,0,0,8.260095,0,4.366088,-1.851977,0,-7.260751,0,0,0,-10.163166,-7.977859,0,0,0,4
0,0,0,0,0,0,11.156982,0,0,0,0,0,0,0,0,0,-8.051143,0,0,0,4
0,-1.754785,0,1.113123,0,0,0,7.380353,4.591334,0,0,0,5.916851,0,0,0,0,0,0,9.044426,1
0,0,0,0,0,-11.48395,0,-10.134343,3.240536,0,0,0,0,0,6.667107,0,0,0,0,0,2
0,0,0,-3.218952,0,-7.855857,0,5.667476,0,0,0,-8.191533,0,0,4.101928,-9.641236,0,0,0,0,4
0,10.26152,0,0,-5.184106,0,0,0,0,0,0,0,0,-5.321003,6.320326,0,0,0,0,0,4
0,0,0,6.318552,0,1.44073,0,0,0,0,0,7.840637,0,0,0,0,0,0,-4.885473,0,1
0,-7.027523,0,0,-8.620944,-2.386121,5.015163,0,6.056353,-4.917083,0,0,0,0,8.029988,0.71471,4.685272,0,0,0,1
0,0,0,0,-3.864558,1.964924,-9.223256,-7.695217,0,0,0,0,0,0,-1.106542,0,0,0,0,0,0
0,0,0,0,0,-7.497226,-8.64773,0,0,0,0,0,0,0,0,0,7.190969,0,0,2.626332,2
10.813611,-4.081308,0,0,-6.530128,0,6.264002,0,6.420569,0,0,-3.519486,0,0,0,0,0,-5.557008,0,8.560977,1
0,0,0,0,0,1.526268,0,6.462853,4.185684,0,0,-5.154494,2.677358,0,0,-12.833589,-9.753882,0,0,0,4
0,0,0,0,-7.519191,0,0,0,0.47392,0,-7.808109,-7.563931,4.511221,0,0,5.324016,0,0,0,0,1
0,12.191879,0,0,0,0,0,0,0,0,0,0,0,-9.166894,0,-8.48414,0,0,5.881086,0,4
0,-5.885468,0,0,0,0,0,0,0,0,-6.188327,0,0,0,4.424148,0,0,0,0,0,2
0,-4.950481,7.131903,0,0,0,0,0,4.950034,0,-7.249704,-3.150179,0,0,0,0,0,0,0,2.600999,2
5.590758,9.535775,0,0,0,0,0,0,0,-3.332592,0,0,4.302739,0,0,0,0,0.423264,0,0,4
0,-3.038361,6.913655,5.189487,0,0,0,-6.855228,0,-7.863269,0,-1.421604,-4.390443,0,0,0,0,0,0,0,2
0,-5.287648,0,-8.751092,-6.134855,0,0,0,0,0,0,11.555618,0,0,-6.96171,0,0,-4.987003,0,8.689618,0
-4.123426,0,0,3.354458,0,0,0,0,0,0,0,0,-3.16897,4.746771,3.372401,0,0,-4.093171,0,0,2
0,0,0,0,0,0,-4.274894,0,0,0,0,0,0,0,4.349314,0,0,0,0,0,2
0,0,10.534999,0,0,0,0,0,0,0,0,1.458589,3.836086,6.037254,0,0,12.088236,0.689582,0,0,2
2.076182,0,0,0,-4.07238,0,0,-4.126725,0,0,0,0,0,-0.771588,0,0,-3.036198,0,0,0,0
6.285927,-9.43125,0,6.428405,-14.020345,0,-6.718829,-7.543997,0,0,0,0,0,3.510354,5.454931,0,0,0,0,0,2
0,0,0,2.854727,0,0,0,0,0,-1.829806,0,0,0,0,0,0,0,0,0,0,1
0,0,0,8.786027,0,0,0,0,6.595197,-0.484833,0,0.624773,0,0,0,0,0,0,0,0,2
0,0,0,0,-5.966802,0,0,10.973692,0,0,0,0,0,0,0,0,0,0,0,0,4
0,0,0,0,0,0,-6.101714,0,6.083507,0,0,4.593831,-2.185992,0,0,0,0,0,0,0,2
-0.719751,-3.470827,0,0,0,0,0,-7.231965,0,0,-9.799282,0,-3.970096,0,0,0,0,-1.473227,0,3.344447,2
0,0,0,-0.6941,-7.215673,0,2.709225,0,0,0,8.826749,0,4.882629,0,0,0,-5.496391,0,0.799115,0,4
2.015139,0,0,0,-2.796175,0,0,-12.003127,0,9.353681,0,0,-2.597143,-1.801194,0,0,-1.489911,0,0,0,0
0,0,0,0,0,0,0,0,0,0,0,0,2.033463,0,4.240333,0,0,0,0,0,1
5.685576,0,0,0,0,0,0,0,0,0,-11.370443,-0.68445,2.336861,0,0,0,0,0,0,0,1
0,0,0,0,0,0,10.146279,0,0,0,0,0,0,0,0,0,5.95929,0,0,0,3
0,0,0,0,0,0,0,0,1.714342,0,-12.079462,0,0,0,3.069241,0,0,0,0,0,1
0,0,0.58654,0,0,0,0,0,8.856868,-1.290957,10.479694,0,0,-6.529723,0,0,0,0,0,0,4
0,0,-2.520281,0,-7.340279,0,8.796927,0,0,0,0,0,-12.913517,0,-11.606472,6.809902,0,0,0,0,3
0,0,0,0,0,0,0,0,0,-1.015138,-9.978534,0,6.993559,0,0,0,0,0,0,0,1
0,0,0,-6.156982,0,0,0,0,0,0,0,7.653266,0,0,-10.755683,2.964968,0,0,0,10.242953,3
0,0,0,0,-4.938319,0,0,0,0,7.457798,8.408848,0,0,0,-6.93899,0,0,0,4.929459,0,3
0,0,0,0,0,0,0,0,0,0,-11.141872,4.481704,0,0,0,5.636693,0,-5.196166,0,0,1
0,0,0,0,0,0,0,0,0,0,0,0,-1.61708,0,0,0,0,0,0,3.035583,2
0,0,-8.289887,-8.70472,-3.353886,0,0,0,0,0,0,0,0,-0.313027,0,-7.733178,-4.915652,0,0,8.551023,0
0,0,1.649983,0,0,0,7.918631,0,0,0,0,0,0,0,0,0,0,0,0,8.874757,4
0,0,7.316821,0,0,0,0,-10.610288,0,0,0,0,0,0,6.142252,0,3.299574,0,0,4.915847,2
0,0,0,-10.971618,0,-2.903225,0,-9.426001,0,0,0,0,0,0,0,0,0,-0.637577,0,0,0
0,0,0,0,-5.267704,0,7.438037,0,-12.501946,7.300551,10.722025,0,0,0.260176,-11.634398,0,0,0,0,0,3
1.73761,0,0,0,-0.810006,0,0,0,5.092844,0,-7.912337,0,0,0,0,-6.425053,0,0,0,9.152364,0
-3.318257,0,6.569957,0,0,-11.825404,0,-5.968897,0,-7.996996,-9.302068,3.589913,0,0,0,2.647336,0,0,0,4.357811,2
0,0,-7.812226,0,0,0,0,-6.612394,0,0,0,0,0,-0.413452,0,-7.517531,-7.014939,1.111481,0,0,0
1.841429,0,0,3.89145,0,0,0,-7.78494,0,0,0,0,0,0,0,0,0,-5.177369,0,0,2
0,0,0,6.095876,0,0,11.508743,9.817154,4.569983,0,8.845905,0,0,0,0,-10.895161,0,4.621512,4.921009,5.805906,4
0,-3.62877,0,0,0,-11.488567,0,0,4.149041,0,0,3.672151,-3.373449,0,0,0,0,0,0,0,2
0,0,0,0,-10.461555,0,-3.692175,0,-0.974856,0,0,0,0,0,0,0,3.636553,-4.663818,0,0,2
0,0,0,-3.641708,0,0,0,-2.505544,-11.719979,0,10.735216,0,0,0,-10.825879,0,0,0,3.371958,0,3
0,-7.841187,6.317409,0,0,0,-5.168488,-12.016359,0,0,0,0,0,0,0,0,0,-2.523279,0,1.336456,2
0,13.203043,0,0,-5.870904,0,0,0,0,0,0,0,0,-7.651599,0,0,0,0,0,0,4
0,0,0,0,0,0,-8.160356,0,0,0,0,0,0,0,0,0,6.760021,0,9.174093,0,2
0,0,0,0,0,-8.656812,0,-10.305847,0,0,0,0,-2.400183,0,6.441887,0,2.499989,0,0,0,2
0,8.365293,0,0,0,0,0,10.063638,0,0,10.615888,0,0,0,0,-9.396766,0,0,0,0,4
12.273779,0,0,0,-1.813542,-1.620734,8.684428,0,0,0,0,0,-9.783966,0,0,2.487317,0,4.944026,0,0,3
0,0,0,-6.467138,-0.649772,0,-5.263432,0,0,0,-4.666683,0,0,1.777566,-1.53071,0,0,0,0,0,0
0,-5.907726,0,0,0,0,0,0,0,-3.366304,-9.238973,0,0.560936,1.202681,0,4.284824,0,0,0,0,2
0,0,0,0,0,0,0,0,0,0,0,-3.181534,0,0,0,1.709932,0,0,0,5.552268,2
11.806337,0,0,0,0,0.376191,10.282946,0,8.572178,4.032825,0,0,0,0,0,0,0,-5.736341,-7.361373,12.741655,1
0,0,0,0,0,0,0,0,0,8.093318,10.17898,0,0,-1.740814,0,0,4.815148,0,0,0,3
0,0,0,0.325882,0,-12.567712,0,0,0,-0.844368,-12.877093,0,0,0,4.686443,0,1.417687,-4.235721,0,4.871169,2
0,0,0,0,0,1.210319,0,0,0,0,0,0,0,0,0,-6.948889,0,3.62623,0,0,0
0,0,0,0,0,0,0,0,0,8.559106,0,7.411738,0,0,0,-6.443202,-7.81924,0,0,0,0
0,0,0,0,0,0,9.558164,0,0,0,8.678648,0,0,0,0,0,0,0,6.451333,0,3
3.998834,0,0,0,0,0,0,0,0,0,0,0,0,0,0,0,0,-11.253235,-3.750124,4.604139,1
0,0.57208,0,0,0,-1.435741,0,1.830717,0,0,8.758379,5.642004,0,0,-4.322556,0,0,0,0,0,3
0,0,0,0,0,-3.868563,0,0,-10.018555,0,0,0,0,0,0,0,8.672561,0,0,0,3
0,0.052033,0,0,0,0,8.11063,0,-10.635299,0,0,0,-6.798368,0,0,0,0,0,5.869499,0,3
0,0,-10.448724,-10.156727,0,0,0,0,1.921921,0,0,5.026925,0,0,0,-9.438419,0,2.990793,0,0,0
0,0,-10.013299,0,0,0,0,-9.669316,0,0,0,0,0,0,0,0,0,0,2.698044,0,0
0,1.747252,0,3.936381,0,0,10.080558,0,0,0,10.054775,0,-2.672152,0,0,0,0,0,0,8.786724,3
0,1.082924,0,0,0,0,9.206204,0,0,0,7.899436,0,0,0,0,0,0,0,0,0,3
8.605338,0,1.228958,0,0,0,4.490771,0,0,0,0,4.851787,0,0,4.768138,0,0,0,-7.889772,0,1
0,0,0,0,-5.692922,0,8.557933,0,0,0,0,0,0,0,4.590754,0,8.132621,0,0,7.451543,1
0,0,0,0,-3.284019,-0.213368,5.415602,0,0,0,0,0,0,-3.929662,3.271804,1.711639,0,0,-5.654272,0,1
0,0,-7.208289,0,0,0,0,0,0,8.076175,0,0,0,0,0,4.530305,0,0,0,0,3
0,0,-6.458177,0,0,1.512961,-8.648155,0,5.576367,11.269843,0,0,0,-1.757096,0,0,-5.65825,0,0,0,0
1.837495,0,0,0,0,0,0,0,6.462325,0,0,0,0,0,0,0,0,0,0,0,0
0,-5.290134,0,0,0,0,-2.798091,-6.748054,0,0,0,0,0,0,0,0,0,0,0,0,2
0,0,2.107234,0,0,0,3.053454,0,0,0,0,0,0,-4.883963,0,0,6.560787,0,0,6.256058,1
1.481912,0,-6.142211,-7.028911,0,1.067314,-7.942803,0,2.115324,0,0,0,-5.595789,0,-0.540955,0,0,0,-5.093418,0,0
0,0,0,4.029431,0,0,3.674216,0,0,0,0,0,0,0,0,4.6557,0,0,0,9.225713,1
-6.072856,0,0,0,0,-15.168194,0,-7.226329,0,-5.333872,-9.546973,0,-3.08958,1.872036,2.300194,0.686213,5.16717,0,4.922921,3.846404,2
0,3.596502,0,0,-4.933104,-4.426938,11.845158,0,0,0,12.703895,0,0,0,0,0,0,3.225362,0,0,3
0,0,0,0,0,0,0,0,8.370415,0,0,0,0,4.166366,0,0,0,0,3.934602,0,2
0,-3.662912,0,0,0,0,0,6.737182,1.291416,0,0,9.258446,0,0,0,0,0,-7.05784,0,0,1
0,0,-0.501047,0,0,0,0,0,5.313769,-1.273809,9.971098,0,0,0,7.84445,-4.741061,0,3.190707,0,0,4
5.869623,0,0,0,0,-1.72481,4.266544,0,0,-4.051775,0,3.735935,3.383626,-4.992003,0,0,0,0,0,5.715475,1
0,0,-8.640407,-11.638404,0,-0.89345,0,0,0,9.189836,-6.720202,0,0,0,-5.671047,-6.976081,0,2.017091,0,0,0
0,0,3.69337,1.589449,0,0,0,0,0,0,0,0,-6.535798,-0.58538,2.017935,0,6.249545,0,0,0,2
0,0,1.84305,0.901878,0,0,0,0,5.040541,0,-12.146418,0,0,0,0,0,0,0,0,7.304133,1
0,0,1.135665,0,-7.518629,0,0,0,0,-1.732547,-11.073691,0,0,-4.360779,0,3.473154,0,0,0,9.102556,1
9.643208,0,3.620439,0,0,0,0,0,0,1.766788,0,0,3.974343,0,9.032095,0,0,0,0,12.527459,1
0,-8.559527,-3.462398,0,0,0,0,0,7.130157,0,0,0,-6.440907,0,2.246657,0,-6.681762,0,0,0,0
0,0,0,4.188905,-1.903639,0,0,0,2.01877,0,0,0,4.009084,-4.683771,0,0,7.841366,0,0,0,1
8.914662,0.167014,0.947328,4.478941,0,0,0,0,0,0,0,1.673284,0,0,0,-0.794652,0,-11.705754,0,8.200831,1
0,0,0,0,0,2.035171,0,0,0,7.171227,0,10.37115,0,0,0,-6.671256,0,3.925607,0,8.912536,0
0,0,0,0,0,0,0,0,0,0,0,0,0,0,0,5.777587,6.125204,0,0,0,1
0,0,-3.267859,0,-5.647828,-0.540962,4.222965,9.523725,0,0,7.374644,0,5.634526,0,4.473652,0,0,0,0,0,4
0,0,0,0,0,1.195307,0,-8.628977,0,0,0,0,0,0,0,-5.314876,0,0,0,0,0
0,0,3.849809,0,0,0,0,0,0,0,0,-2.167796,0,0,0,0,0,7.948761,0,0,4
0,6.043334,0,5.867384,0,-0.453945,5.364298,0,0,0,0,0,0,0,0,0,0,0,7.126204,0,4
0,0,0,0,-2.755155,0,0,0,0,0,0,0,0,0.295237,4.823302,5.50482,0,0,0,0,2
0,-4.784435,6.614886,0,0,0,0,0,0,0,0,0,0,0,-0.570174,0,0,0,0,0,2
0,0,0,0,0,0,0,0,0,0,0,0,0,0,0,0,0,4.655789,0,0,3
0,0,0,0,-3.100943,0,0,-10.243778,0,0,-10.970996,0,0,-1.612731,0,0,0,1.891071,0,0,0
0,7.304155,-2.514582,0,0,-2.702611,0,9.216965,0,-7.588626,0,0,0,0,0,0,0,0,0,0,4
0,0,0,-13.053733,0,0,0,-10.877654,4.232054,0,0,0,0,0,-5.244029,0,0,0,0,0,0
0,0,0,0,0,0,0,5.092449,0,10.302934,0,0,0,0,-7.15675,0,9.101678,7.289496,0,8.984898,3
0,0,5.948767,3.818513,0,0,4.317062,10.392569,0,0,0,0,0,0,0,0,0,-6.407192,0,11.266006,1
5.894511,0,2.762687,3.857301,0,0,0,0,0,-6.866759,0,0,0,0,5.95879,0,0,-6.571899,0,0,1
0,0,1.265515,0,0,-1.784901,0,0,4.316771,0,0,0,0,-10.320077,0,0,9.909492,0,0,0,1
0,-5.89978,0,0,0,0,0,-5.185394,0,0,0,10.770616,-1.684067,0,0,0,0,0,0,7.794713,2
0,8.835398,0,6.518118,0,2.66097,0,0,0,0,0,-5.608039,0,0,0,-6.804756,0,3.199377,0,8.01639,4
0,9.00604,0,0,-6.609496,0,0,0,0,0,0,0,0,-8.77227,0,-10.961392,0,0,0,7.261439,4
7.746561,0,0,0,0,-1.297341,0,0,0,-2.893158,0,0,0,-5.723929,0,0,0,0,0,0,4
0,0,0,0,-5.485287,0,0,9.558785,0,0,0,0,0,0,2.343735,-6.620576,0,0,0,0,4
0,0,0,-8.543631,0,0,-7.530143,0,4.149527,11.517477,-8.946668,0,0,0,0.809087,0,0,0,0,0,0
0,7.497585,0,0,0,0,0,11.208949,0,4.615553,9.54341,0,0,-7.504163,0,0,-11.163152,0,6.194586,9.379895,4
0,-9.266989,0,0,0,0,0,0,0,0,0,0,-1.519514,0,0,0,0,0,0,5.025288,2
0,0,0,0,0,0,7.768336,2.360081,0,0,11.822093,0,-10.966087,-1.535848,-12.271556,8.449197,0,0,0,0,3
